{"franchise_num": 2, "threshold": 0.8650201795267123, "model": "rf", "k": 4, "random_state": 42, "mean_final_score": 0.7774906989779286, "mean_lift": 3.827284681130835, "mean_auroc": 0.8055694787320389, "n_features": 203, "features": ["VAR002", "VAR003", "VAR004", "VAR005", "VAR006", "VAR008", "VAR009", "VAR010", "VAR011", "VAR012", "VAR013", "VAR014", "VAR016", "VAR017", "VAR019", "VAR020", "VAR021", "VAR022", "VAR023", "VAR024", "VAR025", "VAR027", "VAR028", "VAR029", "VAR030", "VAR031", "VAR032", "VAR033", "VAR034", "VAR035", "VAR037", "VAR038", "VAR039", "VAR040", "VAR041", "VAR042", "VAR043", "VAR044", "VAR045", "VAR046", "VAR047", "VAR048", "VAR049", "VAR050", "VAR051", "VAR052", "VAR053", "VAR054", "VAR055", "VAR056", "VAR057", "VAR058", "VAR060", "VAR061", "VAR062", "VAR063", "VAR064", "VAR065", "VAR068", "VAR069", "VAR072", "VAR073", "VAR074", "VAR075", "VAR076", "VAR079", "VAR080", "VAR081", "VAR082", "VAR083", "VAR084", "VAR085", "VAR086", "VAR087", "VAR088", "VAR089", "VAR090", "VAR091", "VAR092", "VAR093", "VAR095", "VAR096", "VAR097", "VAR099", "VAR100", "VAR101", "VAR102", "VAR103", "VAR104", "VAR105", "VAR106", "VAR107", "VAR108", "VAR109", "VAR110", "VAR112", "VAR113", "VAR114", "VAR115", "VAR116", "VAR117", "VAR118", "VAR119", "VAR120", "VAR121", "VAR122", "VAR123", "VAR124", "VAR125", "VAR126", "VAR127", "VAR128", "VAR129", "VAR130", "VAR131", "VAR132", "VAR133", "VAR134", "VAR135", "VAR136", "VAR137", "VAR138", "VAR139", "VAR140", "VAR141", "VAR142", "VAR146", "VAR147", "VAR149", "VAR150", "VAR151", "VAR152", "VAR153", "VAR154", "VAR155", "VAR156", "VAR157", "VAR158", "VAR159", "VAR160", "VAR161", "VAR162", "VAR163", "VAR164", "VAR165", "VAR166", "VAR167", "VAR168", "VAR169", "VAR171", "VAR172", "VAR173", "VAR174", "VAR175", "VAR176", "var178", "VAR179", "VAR180", "VAR181", "VAR182", "VAR183", "VAR184", "VAR185", "VAR186", "VAR187", "VAR188", "VAR189", "VAR190", "VAR191", "VAR192", "VAR193", "VAR194", "VAR195", "VAR196", "VAR197", "VAR198", "VAR200", "VAR201", "VAR202", "VAR203", "VAR204", "VAR205", "VAR206", "VAR207", "VAR209", "VAR210", "VAR211", "VAR212", "VAR213", "VAR214", "VAR215", "VAR216", "VAR217", "VAR218", "VAR219", "VAR220", "VAR221", "VAR222", "VAR223", "VAR224", "VAR225", "VAR226", "VAR227"]}