{"franchise_num": 10, "threshold": 0.0049188592362596605, "model": "rf", "k": 4, "random_state": 42, "mean_final_score": 0.6165337390051757, "mean_lift": 2.914225518071672, "mean_auroc": 0.6951405549171391, "n_features": 136, "features": ["VAR003", "VAR004", "VAR005", "VAR006", "VAR008", "VAR009", "VAR010", "VAR011", "VAR012", "VAR013", "VAR014", "VAR017", "VAR020", "VAR021", "VAR024", "VAR025", "VAR027", "VAR029", "VAR030", "VAR032", "VAR034", "VAR035", "VAR037", "VAR038", "VAR039", "VAR040", "VAR042", "VAR043", "VAR045", "VAR046", "VAR047", "VAR050", "VAR051", "VAR052", "VAR054", "VAR055", "VAR056", "VAR058", "VAR060", "VAR061", "VAR063", "VAR068", "VAR069", "VAR074", "VAR075", "VAR076", "VAR079", "VAR080", "VAR081", "VAR082", "VAR083", "VAR084", "VAR087", "VAR089", "VAR091", "VAR093", "VAR095", "VAR099", "VAR100", "VAR102", "VAR104", "VAR106", "VAR109", "VAR110", "VAR112", "VAR113", "VAR114", "VAR115", "VAR116", "VAR117", "VAR118", "VAR119", "VAR120", "VAR121", "VAR122", "VAR123", "VAR125", "VAR126", "VAR128", "VAR129", "VAR132", "VAR133", "VAR134", "VAR135", "VAR137", "VAR139", "VAR141", "VAR146", "VAR147", "VAR150", "VAR151", "VAR153", "VAR155", "VAR157", "VAR158", "VAR159", "VAR160", "VAR162", "VAR163", "VAR164", "VAR166", "VAR168", "VAR169", "VAR172", "VAR173", "VAR174", "VAR175", "VAR176", "VAR180", "VAR181", "VAR182", "VAR183", "VAR184", "VAR186", "VAR187", "VAR193", "VAR194", "VAR195", "VAR200", "VAR201", "VAR203", "VAR204", "VAR206", "VAR207", "VAR213", "VAR214", "VAR215", "VAR216", "VAR218", "VAR219", "VAR220", "VAR221", "VAR222", "VAR225", "VAR226", "VAR227"]}