{"franchise_num": 10, "threshold": 0.0013220588237507777, "model": "rf", "k": 4, "random_state": 42, "mean_final_score": 0.49261127589454007, "mean_lift": 2.1232677578831423, "mean_auroc": 0.6511792993030006, "n_features": 113, "features": ["VAR003", "VAR004", "VAR005", "VAR006", "VAR010", "VAR011", "VAR012", "VAR014", "VAR017", "VAR021", "VAR024", "VAR025", "VAR027", "VAR029", "VAR032", "VAR034", "VAR035", "VAR038", "VAR039", "VAR040", "VAR042", "VAR043", "VAR045", "VAR046", "VAR047", "VAR051", "VAR052", "VAR054", "VAR055", "VAR056", "VAR058", "VAR060", "VAR061", "VAR063", "VAR068", "VAR069", "VAR074", "VAR075", "VAR076", "VAR079", "VAR080", "VAR081", "VAR083", "VAR084", "VAR087", "VAR089", "VAR091", "VAR093", "VAR095", "VAR099", "VAR104", "VAR106", "VAR110", "VAR114", "VAR115", "VAR116", "VAR117", "VAR118", "VAR119", "VAR120", "VAR121", "VAR122", "VAR123", "VAR126", "VAR128", "VAR129", "VAR132", "VAR133", "VAR134", "VAR135", "VAR137", "VAR139", "VAR141", "VAR147", "VAR150", "VAR151", "VAR153", "VAR155", "VAR157", "VAR158", "VAR159", "VAR160", "VAR162", "VAR163", "VAR164", "VAR166", "VAR168", "VAR169", "VAR174", "VAR175", "VAR176", "VAR180", "VAR182", "VAR184", "VAR186", "VAR187", "VAR193", "VAR194", "VAR195", "VAR201", "VAR203", "VAR204", "VAR206", "VAR214", "VAR215", "VAR216", "VAR218", "VAR219", "VAR220", "VAR221", "VAR222", "VAR225", "VAR226"]}