{"franchise_num": 5, "threshold": 1.9547913254758242e-07, "model": "rf", "k": 4, "random_state": 42, "mean_final_score": 0.7888287710914698, "mean_lift": 3.8060615377583704, "mean_auroc": 0.8532671860176597, "n_features": 113, "features": ["VAR003", "VAR006", "VAR009", "VAR010", "VAR011", "VAR012", "VAR013", "VAR016", "VAR017", "VAR020", "VAR021", "VAR022", "VAR024", "VAR025", "VAR027", "VAR029", "VAR034", "VAR035", "VAR037", "VAR040", "VAR041", "VAR042", "VAR043", "VAR044", "VAR046", "VAR047", "VAR050", "VAR051", "VAR056", "VAR060", "VAR061", "VAR068", "VAR069", "VAR073", "VAR074", "VAR075", "VAR076", "VAR079", "VAR080", "VAR083", "VAR084", "VAR087", "VAR089", "VAR090", "VAR091", "VAR093", "VAR095", "VAR099", "VAR100", "VAR101", "VAR104", "VAR106", "VAR108", "VAR109", "VAR110", "VAR113", "VAR114", "VAR115", "VAR116", "VAR117", "VAR119", "VAR121", "VAR122", "VAR123", "VAR125", "VAR126", "VAR128", "VAR129", "VAR132", "VAR133", "VAR134", "VAR135", "VAR138", "VAR141", "VAR146", "VAR147", "VAR149", "VAR150", "VAR153", "VAR157", "VAR159", "VAR160", "VAR163", "VAR166", "VAR168", "VAR174", "VAR175", "VAR176", "VAR180", "VAR181", "VAR182", "VAR184", "VAR186", "VAR187", "VAR192", "VAR193", "VAR194", "VAR195", "VAR202", "VAR203", "VAR204", "VAR206", "VAR213", "VAR214", "VAR215", "VAR216", "VAR218", "VAR219", "VAR220", "VAR221", "VAR222", "VAR226", "VAR227"]}