{"franchise_num": 4, "threshold": 0.10955188771918296, "model": "rf", "k": 4, "random_state": 42, "mean_final_score": 0.5206447527240838, "mean_lift": 2.371252465483235, "mean_auroc": 0.628898025188103, "n_features": 113, "features": ["VAR005", "VAR006", "VAR009", "VAR010", "VAR011", "VAR012", "VAR013", "VAR014", "VAR016", "VAR017", "VAR021", "VAR022", "VAR023", "VAR024", "VAR027", "VAR029", "VAR034", "VAR035", "VAR036", "VAR041", "VAR042", "VAR043", "VAR045", "VAR046", "VAR047", "VAR048", "VAR050", "VAR051", "VAR056", "VAR060", "VAR061", "VAR062", "VAR064", "VAR069", "VAR073", "VAR074", "VAR075", "VAR076", "VAR077", "VAR079", "VAR080", "VAR081", "VAR083", "VAR084", "VAR087", "VAR089", "VAR090", "VAR091", "VAR093", "VAR095", "VAR099", "VAR100", "VAR101", "VAR102", "VAR104", "VAR106", "VAR112", "VAR113", "VAR115", "VAR116", "VAR117", "VAR120", "VAR121", "VAR122", "VAR123", "VAR125", "VAR126", "VAR128", "VAR129", "VAR130", "VAR132", "VAR133", "VAR134", "VAR135", "VAR138", "VAR142", "VAR146", "VAR147", "VAR149", "VAR150", "VAR153", "VAR157", "VAR159", "VAR163", "VAR168", "VAR172", "VAR175", "VAR176", "VAR180", "VAR181", "VAR182", "VAR184", "VAR185", "VAR187", "VAR192", "VAR193", "VAR194", "VAR195", "VAR202", "VAR206", "VAR207", "VAR213", "VAR214", "VAR215", "VAR216", "VAR218", "VAR219", "VAR220", "VAR221", "VAR222", "VAR225", "VAR226", "VAR227"]}