{"franchise_num": 9, "threshold": 4.735346680675525e-05, "model": "rf", "k": 4, "random_state": 42, "mean_final_score": 0.6423711744314935, "mean_lift": 2.9744658119658114, "mean_auroc": 0.7531532025209331, "n_features": 124, "features": ["VAR003", "VAR004", "VAR005", "VAR006", "VAR009", "VAR010", "VAR011", "VAR012", "VAR013", "VAR014", "VAR017", "VAR020", "VAR021", "VAR024", "VAR025", "VAR027", "VAR029", "VAR032", "VAR034", "VAR035", "VAR037", "VAR038", "VAR040", "VAR042", "VAR043", "VAR044", "VAR045", "VAR046", "VAR047", "VAR050", "VAR052", "VAR054", "VAR056", "VAR058", "VAR060", "VAR061", "VAR063", "VAR066", "VAR068", "VAR069", "VAR074", "VAR075", "VAR076", "VAR079", "VAR080", "VAR081", "VAR083", "VAR087", "VAR089", "VAR091", "VAR092", "VAR093", "VAR095", "VAR099", "VAR100", "VAR104", "VAR106", "VAR110", "VAR114", "VAR115", "VAR116", "VAR117", "VAR118", "VAR119", "VAR120", "VAR121", "VAR122", "VAR123", "VAR125", "VAR126", "VAR129", "VAR132", "VAR133", "VAR134", "VAR135", "VAR137", "VAR139", "VAR140", "VAR141", "VAR142", "VAR146", "VAR147", "VAR150", "VAR153", "VAR155", "VAR157", "VAR158", "VAR159", "VAR160", "VAR162", "VAR163", "VAR164", "VAR166", "VAR168", "VAR169", "VAR172", "VAR174", "VAR175", "VAR176", "VAR180", "VAR182", "VAR184", "VAR185", "VAR186", "VAR187", "VAR193", "VAR194", "VAR195", "VAR196", "VAR203", "VAR204", "VAR206", "VAR207", "VAR213", "VAR214", "VAR215", "VAR216", "VAR218", "VAR219", "VAR220", "VAR221", "VAR222", "VAR226", "VAR227"]}