{"franchise_num": 6, "threshold": 5.903428182777648e-20, "model": "rf", "k": 4, "random_state": 42, "mean_final_score": 0.5827355172654726, "mean_lift": 2.538446756730447, "mean_auroc": 0.7578432377440333, "n_features": 113, "features": ["VAR003", "VAR006", "VAR009", "VAR011", "VAR012", "VAR013", "VAR019", "VAR020", "VAR021", "VAR022", "VAR029", "VAR034", "VAR035", "VAR039", "VAR041", "VAR042", "VAR043", "VAR044", "VAR045", "VAR046", "VAR047", "VAR051", "VAR053", "VAR054", "VAR055", "VAR056", "VAR057", "VAR060", "VAR061", "VAR069", "VAR073", "VAR074", "VAR075", "VAR076", "VAR079", "VAR080", "VAR081", "VAR083", "VAR087", "VAR089", "VAR091", "VAR093", "VAR095", "VAR099", "VAR100", "VAR101", "VAR102", "VAR104", "VAR106", "VAR109", "VAR110", "VAR112", "VAR113", "VAR115", "VAR116", "VAR117", "VAR122", "VAR123", "VAR126", "VAR128", "VAR129", "VAR131", "VAR132", "VAR133", "VAR134", "VAR135", "VAR138", "VAR139", "VAR142", "VAR146", "VAR147", "VAR149", "VAR150", "VAR151", "VAR152", "VAR153", "VAR155", "VAR157", "VAR161", "VAR163", "VAR165", "VAR167", "VAR168", "VAR169", "VAR172", "VAR174", "VAR176", "VAR180", "VAR184", "VAR187", "VAR190", "VAR193", "VAR194", "VAR195", "VAR200", "VAR202", "VAR203", "VAR206", "VAR209", "VAR211", "VAR213", "VAR214", "VAR215", "VAR216", "VAR218", "VAR219", "VAR220", "VAR221", "VAR222", "VAR223", "VAR225", "VAR226", "VAR227"]}