{"franchise_num": 9, "threshold": 0.003214321562407302, "model": "rf", "k": 4, "random_state": 42, "mean_final_score": 0.6921050566126983, "mean_lift": 3.307273175542406, "mean_auroc": 0.763622706789205, "n_features": 158, "features": ["VAR002", "VAR003", "VAR004", "VAR005", "VAR006", "VAR008", "VAR009", "VAR010", "VAR011", "VAR012", "VAR013", "VAR014", "VAR016", "VAR017", "VAR019", "VAR020", "VAR021", "VAR024", "VAR025", "VAR027", "VAR029", "VAR030", "VAR032", "VAR034", "VAR035", "VAR037", "VAR038", "VAR039", "VAR040", "VAR042", "VAR043", "VAR044", "VAR045", "VAR046", "VAR047", "VAR048", "VAR050", "VAR052", "VAR054", "VAR055", "VAR056", "VAR058", "VAR060", "VAR061", "VAR063", "VAR064", "VAR066", "VAR068", "VAR069", "VAR072", "VAR074", "VAR075", "VAR076", "VAR079", "VAR080", "VAR081", "VAR082", "VAR083", "VAR084", "VAR086", "VAR087", "VAR088", "VAR089", "VAR090", "VAR091", "VAR092", "VAR093", "VAR095", "VAR099", "VAR100", "VAR102", "VAR104", "VAR105", "VAR106", "VAR109", "VAR110", "VAR112", "VAR113", "VAR114", "VAR115", "VAR116", "VAR117", "VAR118", "VAR119", "VAR120", "VAR121", "VAR122", "VAR123", "VAR125", "VAR126", "VAR128", "VAR129", "VAR130", "VAR132", "VAR133", "VAR134", "VAR135", "VAR137", "VAR139", "VAR140", "VAR141", "VAR142", "VAR146", "VAR147", "VAR149", "VAR150", "VAR151", "VAR153", "VAR155", "VAR157", "VAR158", "VAR159", "VAR160", "VAR162", "VAR163", "VAR164", "VAR166", "VAR168", "VAR169", "VAR172", "VAR173", "VAR174", "VAR175", "VAR176", "VAR180", "VAR181", "VAR182", "VAR184", "VAR185", "VAR186", "VAR187", "VAR188", "VAR191", "VAR193", "VAR194", "VAR195", "VAR196", "VAR200", "VAR201", "VAR202", "VAR203", "VAR204", "VAR206", "VAR207", "VAR209", "VAR213", "VAR214", "VAR215", "VAR216", "VAR218", "VAR219", "VAR220", "VAR221", "VAR222", "VAR223", "VAR225", "VAR226", "VAR227"]}