{"franchise_num": 8, "threshold": 4.698948975979332e-10, "model": "rf", "k": 4, "random_state": 42, "mean_final_score": 0.6400331522242045, "mean_lift": 2.881287443714381, "mean_auroc": 0.7888430336806371, "n_features": 136, "features": ["VAR003", "VAR005", "VAR006", "VAR009", "VAR010", "VAR011", "VAR012", "VAR013", "VAR019", "VAR020", "VAR021", "VAR022", "VAR023", "VAR025", "VAR029", "VAR030", "VAR034", "VAR035", "VAR037", "VAR039", "VAR041", "VAR042", "VAR043", "VAR044", "VAR045", "VAR046", "VAR047", "VAR051", "VAR053", "VAR054", "VAR055", "VAR056", "VAR057", "VAR060", "VAR061", "VAR069", "VAR072", "VAR073", "VAR074", "VAR075", "VAR076", "VAR079", "VAR080", "VAR081", "VAR082", "VAR083", "VAR086", "VAR087", "VAR088", "VAR089", "VAR091", "VAR093", "VAR095", "VAR099", "VAR100", "VAR101", "VAR102", "VAR104", "VAR106", "VAR109", "VAR110", "VAR112", "VAR113", "VAR114", "VAR115", "VAR116", "VAR117", "VAR122", "VAR123", "VAR126", "VAR128", "VAR129", "VAR130", "VAR131", "VAR132", "VAR133", "VAR134", "VAR135", "VAR136", "VAR138", "VAR139", "VAR141", "VAR142", "VAR146", "VAR147", "VAR149", "VAR150", "VAR151", "VAR152", "VAR153", "VAR155", "VAR157", "VAR160", "VAR161", "VAR163", "VAR165", "VAR166", "VAR167", "VAR168", "VAR169", "VAR172", "VAR173", "VAR174", "VAR176", "VAR180", "VAR183", "VAR184", "VAR187", "VAR189", "VAR190", "VAR193", "VAR194", "VAR195", "VAR198", "VAR200", "VAR202", "VAR203", "VAR204", "VAR205", "VAR206", "VAR207", "VAR209", "VAR211", "VAR213", "VAR214", "VAR215", "VAR216", "VAR218", "VAR219", "VAR220", "VAR221", "VAR222", "VAR223", "VAR225", "VAR226", "VAR227"]}