{"franchise_num": 7, "threshold": 5.847403445999487e-31, "model": "rf", "k": 4, "random_state": 42, "mean_final_score": 0.671883905008949, "mean_lift": 3.03135400937309, "mean_auroc": 0.824981145655721, "n_features": 136, "features": ["VAR003", "VAR004", "VAR005", "VAR006", "VAR009", "VAR010", "VAR011", "VAR012", "VAR013", "VAR014", "VAR017", "VAR019", "VAR020", "VAR021", "VAR022", "VAR025", "VAR027", "VAR029", "VAR032", "VAR034", "VAR035", "VAR038", "VAR039", "VAR040", "VAR041", "VAR042", "VAR043", "VAR044", "VAR045", "VAR046", "VAR047", "VAR050", "VAR051", "VAR052", "VAR056", "VAR058", "VAR060", "VAR061", "VAR068", "VAR069", "VAR074", "VAR075", "VAR076", "VAR079", "VAR080", "VAR083", "VAR084", "VAR086", "VAR087", "VAR088", "VAR089", "VAR091", "VAR093", "VAR095", "VAR099", "VAR100", "VAR102", "VAR104", "VAR105", "VAR106", "VAR108", "VAR109", "VAR110", "VAR112", "VAR114", "VAR115", "VAR116", "VAR117", "VAR119", "VAR121", "VAR122", "VAR123", "VAR125", "VAR126", "VAR128", "VAR129", "VAR131", "VAR132", "VAR133", "VAR134", "VAR135", "VAR136", "VAR137", "VAR138", "VAR139", "VAR141", "VAR142", "VAR146", "VAR147", "VAR149", "VAR150", "VAR151", "VAR153", "VAR155", "VAR157", "VAR159", "VAR160", "VAR162", "VAR163", "VAR166", "VAR168", "VAR169", "VAR174", "VAR175", "VAR176", "VAR180", "VAR181", "VAR182", "VAR184", "VAR186", "VAR187", "VAR193", "VAR194", "VAR195", "VAR196", "VAR197", "VAR202", "VAR203", "VAR204", "VAR206", "VAR207", "VAR209", "VAR210", "VAR213", "VAR214", "VAR215", "VAR216", "VAR218", "VAR219", "VAR220", "VAR221", "VAR222", "VAR223", "VAR225", "VAR226", "VAR227"]}