{"franchise_num": 2, "threshold": 0.09632137183259817, "model": "rf", "k": 4, "random_state": 42, "mean_final_score": 0.6662468533161554, "mean_lift": 3.244871794871795, "mean_auroc": 0.7065493401136806, "n_features": 124, "features": ["VAR002", "VAR003", "VAR004", "VAR006", "VAR011", "VAR012", "VAR013", "VAR014", "VAR017", "VAR021", "VAR024", "VAR025", "VAR027", "VAR029", "VAR032", "VAR034", "VAR035", "VAR037", "VAR040", "VAR042", "VAR043", "VAR045", "VAR046", "VAR047", "VAR048", "VAR049", "VAR050", "VAR051", "VAR052", "VAR055", "VAR056", "VAR058", "VAR060", "VAR061", "VAR068", "VAR069", "VAR073", "VAR074", "VAR075", "VAR076", "VAR079", "VAR080", "VAR083", "VAR084", "VAR086", "VAR087", "VAR089", "VAR091", "VAR093", "VAR095", "VAR099", "VAR102", "VAR103", "VAR104", "VAR105", "VAR106", "VAR112", "VAR114", "VAR115", "VAR116", "VAR117", "VAR118", "VAR120", "VAR121", "VAR122", "VAR123", "VAR125", "VAR126", "VAR128", "VAR129", "VAR131", "VAR132", "VAR133", "VAR134", "VAR135", "VAR138", "VAR141", "VAR146", "VAR147", "VAR149", "VAR150", "VAR151", "VAR153", "VAR155", "VAR157", "VAR160", "VAR163", "VAR166", "VAR167", "VAR168", "VAR172", "VAR175", "VAR176", "VAR181", "VAR182", "VAR184", "VAR185", "VAR186", "VAR187", "VAR193", "VAR194", "VAR195", "VAR197", "VAR198", "VAR202", "VAR203", "VAR204", "VAR205", "VAR206", "VAR207", "VAR209", "VAR213", "VAR214", "VAR215", "VAR216", "VAR217", "VAR218", "VAR219", "VAR221", "VAR222", "VAR223", "VAR225", "VAR226", "VAR227"]}