{"franchise_num": 3, "threshold": 0.03684868334317993, "model": "rf", "k": 4, "random_state": 42, "mean_final_score": 0.5894983799373485, "mean_lift": 2.7456607495069028, "mean_auroc": 0.6836862500212736, "n_features": 136, "features": ["VAR003", "VAR004", "VAR006", "VAR010", "VAR011", "VAR012", "VAR013", "VAR014", "VAR016", "VAR017", "VAR019", "VAR020", "VAR021", "VAR022", "VAR024", "VAR025", "VAR027", "VAR029", "VAR032", "VAR034", "VAR035", "VAR038", "VAR040", "VAR041", "VAR042", "VAR043", "VAR045", "VAR046", "VAR047", "VAR048", "VAR050", "VAR051", "VAR052", "VAR053", "VAR054", "VAR055", "VAR056", "VAR058", "VAR060", "VAR061", "VAR068", "VAR069", "VAR073", "VAR074", "VAR075", "VAR076", "VAR079", "VAR080", "VAR081", "VAR083", "VAR084", "VAR086", "VAR087", "VAR088", "VAR089", "VAR090", "VAR091", "VAR093", "VAR095", "VAR101", "VAR102", "VAR104", "VAR105", "VAR106", "VAR108", "VAR109", "VAR112", "VAR113", "VAR114", "VAR115", "VAR116", "VAR117", "VAR118", "VAR119", "VAR121", "VAR122", "VAR123", "VAR125", "VAR126", "VAR128", "VAR130", "VAR131", "VAR132", "VAR133", "VAR134", "VAR135", "VAR136", "VAR137", "VAR138", "VAR139", "VAR141", "VAR142", "VAR146", "VAR147", "VAR149", "VAR150", "VAR153", "VAR157", "VAR158", "VAR159", "VAR160", "VAR162", "VAR163", "VAR164", "VAR168", "VAR169", "VAR172", "VAR174", "VAR175", "VAR176", "VAR181", "VAR182", "VAR184", "VAR186", "VAR187", "VAR190", "VAR192", "VAR193", "VAR196", "VAR197", "VAR202", "VAR203", "VAR204", "VAR206", "VAR210", "VAR213", "VAR214", "VAR215", "VAR216", "VAR218", "VAR219", "VAR220", "VAR222", "VAR225", "VAR226", "VAR227"]}