{"franchise_num": 1, "threshold": 0.0027974053912968476, "features": ["VAR003", "VAR004", "VAR005", "VAR011", "VAR012", "VAR013", "VAR019", "VAR020", "VAR021", "VAR023", "VAR024", "VAR025", "VAR029", "VAR033", "VAR039", "VAR040", "VAR043", "VAR044", "VAR045", "VAR046", "VAR047", "VAR048", "VAR050", "VAR051", "VAR053", "VAR054", "VAR055", "VAR056", "VAR057", "VAR064", "VAR065", "VAR069", "VAR072", "VAR074", "VAR080", "VAR081", "VAR083", "VAR085", "VAR086", "VAR088", "VAR089", "VAR093", "VAR095", "VAR099", "VAR100", "VAR102", "VAR103", "VAR104", "VAR105", "VAR106", "VAR108", "VAR109", "VAR110", "VAR112", "VAR113", "VAR115", "VAR118", "VAR122", "VAR123", "VAR126", "VAR128", "VAR129", "VAR130", "VAR131", "VAR132", "VAR134", "VAR135", "VAR136", "VAR138", "VAR139", "VAR142", "VAR146", "VAR147", "VAR149", "VAR151", "VAR152", "VAR153", "VAR155", "VAR157", "VAR161", "VAR163", "VAR166", "VAR167", "VAR169", "VAR172", "VAR174", "VAR180", "VAR182", "VAR184", "VAR187", "VAR189", "VAR190", "VAR193", "VAR194", "VAR195", "VAR198", "VAR200", "VAR202", "VAR203", "VAR205", "VAR206", "VAR209", "VAR211", "VAR212", "VAR213", "VAR215", "VAR219", "VAR220", "VAR221", "VAR222", "VAR223", "VAR225", "VAR227"], "final_score": 0.6533273165392933, "lift": 3.0505906156686535, "auroc": 0.7541487678189396}